insert into Address values 
(0,'-','-','-',0),
(1,'Ulices Springs','Sipesside','OR',13990),
(2,'Irma Fields','Zelmaton','AR',57501),
(3,'Stamm Prairie','Dorcashaven','NE',94997),
(4,'Emilie Fords','Stammchester','MI',88360),
(5,'Borer Alley','Lorineport','AL',98099),
(6,'O\Connell Mountains','Andersonburgh','AL',59794),
(7,'Hilma Plaza','Lake Jacklynberg','OK',85101),
(8,'Jadyn Harbors','Gillianhaven','IL',67348),
(9,'Sophie Skyway','New Wilmerport','WY',68013),
(10,'Dare Pike','New Monserrat','CO',63694),
(11,'Dicki Summit','Farrellchester','DE',95949),
(12,'Ludie Rapid','Kshlerinland','CA',53763),
(13,'Jayce Trace','Jacobiport','OR',61746),
(14,'Parker Wells','East Makaylastad','OR',20618),
(15,'Tristin Curve','Williamside','MA',51242),
(16,'Felix Locks','East Madelinemouth','AR',70798),
(17,'Renner Stream','Edwinbury','WY',72088),
(18,'Schmeler Rest','North Salvatore','NE',91505),
(19,'Dovie Loaf','Lake Adrielborough','MA',80752),
(20,'Morissette Lakes','Kihntown','MI',54443),
(21,'Kieran Plaza','Prosaccofort','MA',56908),
(22,'Nikko Inlet','Caraberg','NE',62295),
(23,'Jaskolski Shores','Kossbury','IN',75795),
(24,'Javier Court','East Marian','WI',37466),
(25,'Jillian Courts','East Altaview','NE',19539)
;

insert into Customer values 
(0,'-', 0,'-',0,0),
(101,'Mavis Price',175243319,'985-9529-3805-77',763,1),
(102,'Nasir Nitzsche III',344920236,'734-1288-7849-67',316,2),
(103,'Beatrice Baumbach III',652433217,'043-2991-6623-11',343,3),
(104,'Ernie Lowe I',690981305,'519-9165-8826-81',540,4),
(105,'Princess Mayert',631257064,'772-2063-0479-57',496,5),
(106,'Kamron Wolff',408740262,'602-3661-7295-25',579,5),
(107,'Prof. Marian Dickens',534555847,'598-5442-7937-40',638,6),
(108,'Prof. Kennith DAmore III',611178375,'620-5080-6253-60',583,7),
(109,'Ursula Koelpin',317451190,'655-5377-1193-16',555,8),
(110,'Robyn Robel',119368478,'066-7730-3442-32',630,9),
(111,'Hans Gerhold',433057872,'600-4852-8474-63',847,10),
(112,'Allan Gottlieb',835865002,'806-9987-2956-79',507,10),
(113,'Dr. Cesar Daugherty',738282610,'314-8100-9659-55',541,11),
(114,'Dale Strosin',194819723,'499-2034-8147-84',756,12),
(115,'Prof. Kelli Gibson I',302496911,'949-8665-4797-80',491,13),
(116,'Twila Kulas',625274769,'493-0061-2041-17',360,14),
(117,'Leora Runolfsson Jr.',191256061,'446-7644-8665-22',400,15),
(118,'Westley Daniel',844405082,'979-1646-3679-52',497,15),
(119,'Neil Schmitt DDS',505623621,'994-1008-9404-72',402,16),
(120,'Reynold Jerde',179378219,'282-9278-7685-27',408,17),
(121,'Daphney Orn',484779353,'824-7181-5115-68',832,18),
(122,'Mathilde Hackett',368135174,'307-9742-5845-30',583,19),
(123,'Rosalia Willms',726612426,'320-3801-9214-62',677,20),
(124,'Triston OConnell II',880532487,'293-5980-4737-57',804,20),
(125,'Bessie Leannon Jr.',815286113,'944-8236-1846-93',804,21),
(126,'Dr. Tiana Dare MD',209981718,'351-1048-9878-32',772,22),
(127,'Dion Boyle',814581311,'862-5253-9594-11',548,23),
(128,'Prof. Constantin Kunde',853907458,'262-2207-9272-47',564,24),
(129,'Janis Prohaska',820726484,'247-0545-7111-14',831,25),
(130,'Lionel Schumm',855787284,'064-2327-0172-62',417,25)
;

insert into Savings_Account values 
(0,0,0,0,0,0,0,0),
(110001,114,110001,65885.75,4.5,3,50,25000),
(110002,109,110002,82486.75,3.4,3,50,25000),
(110003,126,110003,96332.75,4.5,3,50,50000),
(110004,103,110004,103515.75,3.2,3,50,50000),
(110005,110,110005,139979.25,1.2,20,50,100000),
(110006,123,110006,23575.5,1.4,5,50,100000),
(110007,111,110007,89433.25,4.2,1,50,50000),
(110008,108,110008,32861.75,1.2,5,50,10000),
(110009,125,110009,138932,1.2,5,50,50000),
(110010,117,110010,40042.25,2.2,10,50,25000),
(110011,106,110011,73457.75,4.2,1,50,100000),
(110012,105,110012,51679.25,2,10,50,25000),
(110013,113,110013,2219,4.2,20,50,25000),
(110014,130,110014,32873,3.2,1,50,50000),
(110015,119,110015,36180,2.2,20,50,10000),
(110016,112,110016,109386.5,2.3,15,50,10000),
(110017,115,110017,47132.75,4.2,15,50,10000),
(110018,121,110018,63235.25,2.4,5,50,10000),
(110019,101,110019,57596,2.2,20,50,100000),
(110020,107,110020,147194.5,1.4,20,50,25000)
;

insert into Checking_Account values 
(0,0,0,0,0,0),
(220001,115,220001,40449.25,150,10000),
(220002,129,220002,27415.5,100,1000),
(220003,120,220003,7232.5,200,5000),
(220004,125,220004,99805.5,100,1000),
(220005,124,220005,73354.5,100,10000),
(220006,126,220006,84659.75,0,1000),
(220007,103,220007,21052.25,300,5000),
(220008,117,220008,19062.25,200,1000),
(220009,114,220009,138361.5,200,5000),
(220010,113,220010,78687.25,100,1000),
(220011,110,220011,137611.5,200,10000),
(220012,127,220012,7183.75,200,5000),
(220013,111,220013,17728,300,5000),
(220014,118,220014,65213.75,200,1000),
(220015,106,220015,31672.5,100,1000),
(220016,122,220016,21034.25,200,1000),
(220017,101,220017,62905,100,5000),
(220018,109,220018,143296,100,1000),
(220019,128,220019,8894.75,200,1000),
(220020,105,220020,23421,100,1000),
(220021,110,220021,70000,100,5000)
;

insert into Credit_Card values 
(4226539086632930,121,'04/21',783,7253.14,20000,2.25,150,362.66,'2020-06-01'),
(4107029663627720,109,'11/20',270,8488.2,20000,3.25,100,424.41,'2020-06-01'),
(4126370378655420,104,'08/22',324,6820,30000,0.75,400,341,'2020-06-01'),
(4295473987339760,120,'09/20',202,11778,40000,2.25,150,588.9,'2020-06-08'),
(4104512261056210,110,'05/23',926,4207.17,20000,0.75,400,210.36,'2020-06-15'),
(4150095184445360,108,'02/23',771,15649.5,50000,0.75,400,782.48,'2020-06-22'),
(4147742333775270,113,'08/23',775,23368.2,50000,1.25,250,1168.41,'2020-06-29'),
(4281553106681370,126,'08/22',768,23747.33,50000,3.25,100,1187.37,'2020-06-29'),
(4229347917708420,105,'06/22',129,4427.25,10000,1.25,250,221.36,'2020-06-29'),
(4108817394791530,125,'11/21',411,14698.13,30000,2.25,150,734.91,'2020-06-29'),
(4279770237491790,101,'06/20',130,678.11,10000,0.75,400,33.91,'2020-06-29'),
(4246556481055210,107,'12/20',157,8787,30000,2.25,150,439.35,'2020-07-06'),
(4131671328366460,124,'12/20',245,3755,10000,1.75,200,187.75,'2020-07-13'),
(4160292934802920,123,'10/21',492,10329.11,30000,1.25,250,516.46,'2020-07-13'),
(4140782746958840,119,'03/22',580,5040,20000,1.75,200,252,'2020-07-20'),
(4296581939508150,127,'09/21',894,12569.11,30000,1.25,250,628.46,'2020-07-20'),
(4175274084825190,111,'12/21',402,16107.2,40000,1.75,200,805.36,'2020-07-20'),
(4176563202114730,102,'12/22',355,22411,50000,1.25,250,1120.55,'2020-07-27'),
(4207842074810030,122,'09/21',600,15356.13,50000,2.25,150,767.81,'2020-07-27'),
(4173210530559480,103,'12/21',995,6989.33,30000,2.25,150,349.47,'2020-08-03'),
(4267929059197240,112,'10/21',678,935.11,10000,3.25,100,46.76,'2020-08-10'),
(4226380208030200,106,'01/23',320,21322.11,70000,2.75,150,1066.11,'2020-08-17'),
(4151207777193260,129,'08/21',538,24761.14,50000,3.25,100,1238.06,'2020-08-24'),
(4171117618894430,118,'01/22',714,16314.11,50000,1.75,200,815.71,'2020-08-31'),
(4150040671163730,115,'06/20',891,10045.11,40000,2.75,150,502.26,'2020-09-07')
;

insert into Debit_Card values 
(4471356961225550,220005,'03/22',934,5000),
(4417935685908630,220003,'12/20',879,5000),
(4444065631599530,220009,'01/21',685,5000),
(4402996554090960,220015,'10/21',537,5000),
(4484647567370930,220001,'04/21',677,5000),
(4471029419961510,220014,'05/22',193,5000),
(4449003526353520,220010,'03/20',907,5000),
(4419875365949970,220020,'01/21',974,5000),
(4461143179403980,220004,'04/22',362,5000),
(4434885568666270,220007,'04/22',355,5000),
(4469519186266580,220017,'12/22',334,5000),
(4407085314288710,220011,'08/22',495,5000),
(4466002499322990,220002,'03/22',636,5000),
(4454943289716410,220013,'08/21',140,5000),
(4408051389607780,220019,'07/21',100,5000),
(4350900035555130,220012,'01/22',337,5000),
(4485554092684860,220008,'04/21',824,5000),
(4490511368106470,220018,'05/20',177,5000),
(4352639223247850,220006,'06/22',614,5000),
(4466314536092120,220016,'02/21',899,5000),
(4802048258205920,220021,'03/24',840,5000)
;

insert into Loan values 
(9001,101,'student',15000,'compound',3.25,12,4062.5,'2020-06-15',10937.5,273.44),
(9002,122,'business',20000,'simple',1.75,60,2916.67,'2020-06-15',17083.33,427.08),
(9003,127,'business',25000,'compound',1.25,24,2604.17,'2020-06-15',22395.83,559.9),
(9004,101,'personal',20000,'compound',1.25,120,2083.33,'2020-06-15',17916.67,447.92),
(9005,104,'auto',5000,'compound',1.25,60,520.83,'2020-06-15',4479.17,111.98),
(9006,106,'mortgage',20000,'simple',2.25,120,3750,'2020-06-15',16250,406.25),
(9007,117,'student',5000,'simple',0.75,18,312.5,'2020-06-15',4687.5,117.19),
(9008,125,'personal',5000,'simple',3.25,12,1354.17,'2020-06-15',3645.83,91.15),
(9009,106,'student',15000,'simple',0.75,12,937.5,'2020-06-15',14062.5,351.56),
(9010,129,'auto',5000,'compound',1.25,18,520.83,'2020-06-15',4479.17,111.98),
(9011,117,'personal',25000,'compound',2.25,24,4687.5,'2020-06-15',20312.5,507.81),
(9012,105,'auto',10000,'compound',1.75,12,1458.33,'2020-06-15',8541.67,213.54),
(9013,126,'business',25000,'compound',1.75,60,3645.83,'2020-06-15',21354.17,533.85),
(9014,114,'student',20000,'compound',1.25,18,2083.33,'2020-06-15',17916.67,447.92),
(9015,124,'auto',20000,'simple',2.25,12,3750,'2020-06-15',16250,406.25),
(9016, 110, 'student',45000,'simple',2,14,4050,'2020-09-14',38098,500.62)
;

insert into Bank_Transaction values 
(1001,'deposit','EFT',0,110006,15800,'2020-02-01'),
(1002,'deposit','cash',220003,0,17900,'2020-02-02'),
(1003,'deposit','cash',220006,0,13500,'2020-02-02'),
(1004,'withdraw','EFT',220001,0,8000,'2020-02-03'),
(1005,'withdraw','cash',0,110004,6800,'2020-02-04'),
(1006,'deposit','cash',0,110014,19200,'2020-02-05'),
(1007,'withdraw','check',0,110018,1800,'2020-02-06'),
(1008,'withdraw','cash',220002,0,4800,'2020-02-07'),
(1009,'deposit','ACH',0,110008,3200,'2020-02-08'),
(1010,'deposit','cash',0,110020,15200,'2020-02-09'),
(1011,'deposit','check',220004,0,16900,'2020-02-10'),
(1012,'withdraw','Debit',220018,0,4700,'2020-02-11'),
(1013,'deposit','ACH',0,110009,12200,'2020-02-11'),
(1014,'withdraw','check',0,110016,5650,'2020-02-12'),
(1015,'deposit','Debit',0,110005,13200,'2020-02-13'),
(1016,'withdraw','ACH',0,110003,5750,'2020-02-14'),
(1017,'withdraw','Debit',220017,0,4000,'2020-02-15'),
(1018,'withdraw','check',220013,0,9350,'2020-02-15'),
(1019,'deposit','check',0,110014,11000,'2020-02-15'),
(1020,'deposit','ACH',220005,0,4300,'2020-02-15'),
(1021,'deposit','cash',220012,0,16100,'2020-02-15'),
(1022,'withdraw','cash',0,110012,7650,'2020-02-15'),
(1023,'withdraw','cash',220009,0,7050,'2020-02-16'),
(1024,'deposit','EFT',0,110019,5900,'2020-02-16'),
(1025,'withdraw','ACH',0,110003,8050,'2020-02-16'),
(1026,'withdraw','check',220016,0,7350,'2020-02-17'),
(1027,'deposit','cash',220017,0,19100,'2020-02-18'),
(1028,'deposit','check',0,110019,13600,'2020-02-19'),
(1029,'withdraw','Debit',220010,0,9950,'2020-02-19'),
(1030,'withdraw','cash',220004,0,8300,'2020-02-20'),
(1031,'withdraw','cash',0,110015,9300,'2020-02-20'),
(1032,'withdraw','cash',0,110006,8000,'2020-02-20'),
(1033,'withdraw','ACH',220010,0,7250,'2020-02-20'),
(1034,'deposit','EFT',0,110010,16700,'2020-02-20'),
(1035,'withdraw','EFT',0,110013,1500,'2020-02-21'),
(1036,'deposit','Debit',220019,0,15000,'2020-02-22'),
(1037,'withdraw','cash',220007,0,7850,'2020-02-22'),
(1038,'withdraw','Debit',0,110016,9400,'2020-02-22'),
(1039,'withdraw','Debit',0,110018,5050,'2020-02-22'),
(1040,'deposit','Debit',0,110006,19900,'2020-02-22'),
(1041,'deposit','cash',0,110011,12000,'2020-02-22'),
(1042,'deposit','cash',0,110018,13800,'2020-02-23'),
(1043,'withdraw','ACH',220017,0,1750,'2020-02-24'),
(1044,'withdraw','check',0,110013,7800,'2020-02-25'),
(1045,'withdraw','cash',0,110004,5700,'2020-02-26'),
(1046,'withdraw','cash',0,110019,9450,'2020-02-27'),
(1047,'deposit','Debit',220003,0,11300,'2020-02-27'),
(1048,'withdraw','check',220007,0,4900,'2020-02-27'),
(1049,'deposit','cash',0,110007,9500,'2020-02-27'),
(1050,'deposit','cash',220001,0,16400,'2020-02-28'),
(1051,'withdraw','cash',220010,0,6150,'2020-02-28'),
(1052,'withdraw','ACH',220009,0,4150,'2020-02-28'),
(1053,'deposit','ACH',0,110008,13600,'2020-02-28'),
(1054,'withdraw','ACH',220016,0,4400,'2020-02-28'),
(1055,'withdraw','ACH',220001,0,3100,'2020-02-29'),
(1056,'deposit','cash',0,110014,18100,'2020-03-01'),
(1057,'withdraw','Debit',0,110012,8850,'2020-03-01'),
(1058,'deposit','Debit',0,110015,16600,'2020-03-02'),
(1059,'deposit','ACH',0,110007,6800,'2020-03-03'),
(1060,'deposit','cash',0,110019,4600,'2020-03-03'),
(1061,'withdraw','EFT',0,110009,5850,'2020-03-04'),
(1062,'withdraw','Debit',0,110013,8500,'2020-03-04'),
(1063,'withdraw','Debit',0,110001,6950,'2020-03-05'),
(1064,'withdraw','Debit',0,110002,8300,'2020-03-05'),
(1065,'withdraw','cash',0,110019,2900,'2020-03-05'),
(1066,'withdraw','EFT',0,110016,6200,'2020-03-06'),
(1067,'deposit','EFT',0,110019,11400,'2020-03-07'),
(1068,'deposit','Debit',220019,0,15500,'2020-03-08'),
(1069,'deposit','check',0,110001,14100,'2020-03-08'),
(1070,'withdraw','check',220013,0,7050,'2020-03-08'),
(1071,'withdraw','EFT',0,110008,3250,'2020-03-09'),
(1072,'deposit','Debit',0,110015,17500,'2020-03-09'),
(1073,'withdraw','cash',220010,0,9850,'2020-03-09'),
(1074,'withdraw','EFT',220007,0,8150,'2020-03-09'),
(1075,'deposit','Debit',0,110012,18800,'2020-03-09'),
(1076,'deposit','EFT',220018,0,10000,'2020-03-09'),
(1077,'deposit','ACH',220008,0,6800,'2020-03-09'),
(1078,'withdraw','check',220015,0,8900,'2020-03-09'),
(1079,'withdraw','check',220018,0,1300,'2020-03-10'),
(1080,'deposit','cash',0,110017,9900,'2020-03-10'),
(1081,'withdraw','check',220020,0,6500,'2020-03-10'),
(1082,'withdraw','Debit',0,110004,6250,'2020-03-10'),
(1083,'deposit','EFT',220006,0,15700,'2020-03-10'),
(1084,'withdraw','Debit',0,110009,8300,'2020-03-10'),
(1085,'withdraw','check',0,110019,5350,'2020-03-10'),
(1086,'withdraw','Debit',0,110013,7500,'2020-03-10'),
(1087,'deposit','ACH',220017,0,4800,'2020-03-10'),
(1088,'withdraw','check',0,110015,4800,'2020-03-11'),
(1089,'deposit','ACH',0,110001,8600,'2020-03-12'),
(1090,'deposit','check',0,110009,4800,'2020-03-13'),
(1091,'withdraw','EFT',0,110012,3150,'2020-03-13'),
(1092,'withdraw','EFT',0,110006,5750,'2020-03-13'),
(1093,'withdraw','check',0,110016,5250,'2020-03-14'),
(1094,'deposit','check',220003,0,12000,'2020-03-15'),
(1095,'withdraw','ACH',220002,0,2000,'2020-03-16'),
(1096,'deposit','EFT',220014,0,12800,'2020-03-17'),
(1097,'deposit','Debit',220004,0,13000,'2020-03-18'),
(1098,'deposit','EFT',220012,0,9200,'2020-03-18'),
(1099,'deposit','EFT',0,110007,11500,'2020-03-19'),
(1100,'withdraw','ACH',0,110007,9450,'2020-03-20'),
(1101, 'deposit', 'check',220021, 0,10000,'2020-04-15')
;

insert into Debit_Transaction values 
(7001,4471356961225550,'Apple',1549,'2020-04-01',35390),
(7002,4466002499322990,'Wallmart',1074,'2020-04-11',20764),
(7003,4444065631599530,'credit',936,'2020-04-11',77920),
(7004,4484647567370930,'Ikea',260,'2020-04-21',15278),
(7005,4449003526353520,'Apple',1903,'2020-05-01',64703),
(7006,4407085314288710,'Wallmart',488,'2020-05-01',50085),
(7007,4449003526353520,'Levis',593,'2020-05-11',7654),
(7008,4471029419961510,'credit',128,'2020-05-21',72125),
(7009,4417935685908630,'Apple',415,'2020-05-31',71339),
(7010,4490511368106470,'Wallmart',1817,'2020-06-10',96343),
(7011,4461143179403980,'Levis',1827,'2020-06-10',83906),
(7012,4419875365949970,'bank',1690,'2020-06-20',26652),
(7013,4490511368106470,'Amazon',1529,'2020-06-30',92206),
(7014,4485554092684860,'Levis',1349,'2020-06-30',18503),
(7015,4449003526353520,'Wallmart',992,'2020-06-30',48810),
(7016,4484647567370930,'Levis',1030,'2020-06-30',89725),
(7017,4444065631599530,'Ikea',1729,'2020-07-10',23182),
(7018,4802048258205920,'bank',10000,'2020-04-15',13820)
;

insert into Credit_Transaction values 
(8001,4296581939508150,'Ikea',515,'2020-04-01',29254),
(8002,4108817394791530,'Ikea',35,'2020-04-11',32146),
(8003,4229347917708420,'Apple',882,'2020-04-11',6793),
(8004,4108817394791530,'Wallmart',1448,'2020-04-21',25074),
(8005,4207842074810030,'Amazon',834,'2020-04-21',5489),
(8006,4173210530559480,'Levis',143,'2020-05-01',23243),
(8007,4140782746958840,'Wallmart',1106,'2020-05-01',29747),
(8008,4150095184445360,'Apple',31,'2020-05-01',35587),
(8009,4107029663627720,'Amazon',825,'2020-05-11',18728),
(8010,4126370378655420,'Apple',1247,'2020-05-11',56731),
(8011,4173210530559480,'Levis',1030,'2020-05-11',53022),
(8012,4107029663627720,'Amazon',897,'2020-05-11',65170),
(8013,4229347917708420,'Levis',147,'2020-05-11',89044),
(8014,4207842074810030,'Amazon',1106,'2020-05-21',6409),
(8015,4131671328366460,'Apple',1218,'2020-05-31',85021),
(8016,4176563202114730,'Apple',1005,'2020-05-31',44291),
(8017,4207842074810030,'Ikea',589,'2020-05-31',90296)
;